<?xml version="1.0" encoding="UTF-8"?>
<project-private xmlns="http://www.netbeans.org/ns/project-private/1">
    <editor-bookmarks xmlns="http://www.netbeans.org/ns/editor-bookmarks/2" lastBookmarkId="0"/>
    <open-files xmlns="http://www.netbeans.org/ns/projectui-open-files/2">
        <group>
            <file>file:/C:/Users/edu04/Downloads/Proyecto-Progra-2-main/Proyecto-Progra-2-main/src/Presentacion/FrmApp.java</file>
            <file>file:/C:/Users/edu04/Downloads/Proyecto-Progra-2-main/Proyecto-Progra-2-main/src/Entidades/Usuario.java</file>
            <file>file:/C:/Users/edu04/Downloads/Proyecto-Progra-2-main/Proyecto-Progra-2-main/usuarios.txt</file>
        </group>
    </open-files>
</project-private>
