<?xml version="1.0" encoding="UTF-8"?>
<project-private xmlns="http://www.netbeans.org/ns/project-private/1">
    <editor-bookmarks xmlns="http://www.netbeans.org/ns/editor-bookmarks/2" lastBookmarkId="0"/>
    <open-files xmlns="http://www.netbeans.org/ns/projectui-open-files/2">
        <group>
            <file>file:/C:/Telematica%20U/Proyecto_Progra2/Proyecto_Progra2/src/Presentacion/FrmApp.java</file>
            <file>file:/C:/Telematica%20U/Proyecto_Progra2/Proyecto_Progra2/src/AccesoDatos/UsuarioDAO.java</file>
            <file>file:/C:/Telematica%20U/Proyecto_Progra2/Proyecto_Progra2/src/LogicaNegocio/AutenticacionBL.java</file>
            <file>file:/C:/Telematica%20U/Proyecto_Progra2/Proyecto_Progra2/src/LogicaNegocio/LoginUI.java</file>
            <file>file:/C:/Telematica%20U/Proyecto_Progra2/Proyecto_Progra2/usuarios.txt</file>
        </group>
    </open-files>
</project-private>
